Model,R2,RMSE,MAE
Linear Regression,0.90577,0.582639,0.42858
Random Forest,0.92489,0.520178,0.400618
XGBoost,0.915073,0.553132,0.428766
LightGBM,0.924916,0.520089,0.401171
